version;ns1:id;title;description;ns1:product_type;ns1:google_product_category;link;ns1:image_link;ns1:condition;ns1:availability;ns1:price;sale_price;ns1:ean;ns1:mpn;ns1:brand;ns1:custom_label_0;ns1:country;ns1:rate;ns1:tax_ship;ns1:country2;ns1:price3;ns1:identifier_exists;ns1:additional_image_link
2;1;Sterling silver set with amethyst stones;"💧 Endless admiration!
Everyone will notice them, you can not go by such brilliance.⚡

Jewelry set with amethyst stones in silver and gilt.
Zircon Fine Stones.
🎁Choose a gift for yourself, family or friends for a special occasion and we will help you. We have the best quality jewelry sets, rings, earrings, pendants and more.
💍The rings on these models are universal that is without size.
Amethyst stone artificially grown.

Our jewelry is beautifully packaged in a gift box and ready to give as a gift🎁.
✔️Jewelry is rhodium plated,which is non-tarnishing, and nickel free, metal: Sterling Silver with 925 stamp, as well as gilded silver in good quality.
More items in my store - go to.
Have a great shopping with us!";Apparel & Accessories > Jewelry;Apparel & Accessories > Jewelry;https://www.etsy.com/listing/1189512388/;https://i.etsystatic.com/34754263/r/il/95642b/3811070987/il_794xN.3811070987_zi8d.jpg;New;In Stock;75.00 USD;75.00 USD;5,05E+12;5000000;Besty Silver;Bestseller;US;0;n;US;0 USD;FALSE;
;;;;;;;;;;;;;;;;;;;;;;
